{
    "items": [
        {
            "id": 31,
            "title": "Mayo",
            "img": "watch-01.jpg",
            "date": "2019-02-52 24:23:52",
            "isSelected": false
        },
        {
            "id": 2,
            "title": "Ramsey",
            "img": "watch-02.jpg",
            "date": "2019-02-52 24:23:52",
            "isSelected": false
        },
        {
            "id": 3,
            "title": "Harvey",
            "img": "watch-03.jpg",
            "date": "2019-02-52 24:23:52",
            "isSelected": false
        },
        {
            "id": 4,
            "title": "Mueller",
            "img": "watch-04.jpg",
            "date": "2019-02-52 24:23:52",
            "isSelected": false
        },
        {
            "id": 5,
            "title": "Mendez",
            "img": "watch-05.jpg",
            "date": "2019-02-52 24:23:52",
            "isSelected": false
        },
        {
            "id": 6,
            "title": "Cervantes",
            "img": "watch-06.jpg",
            "date": "2019-02-52 24:23:52",
            "isSelected": false
        },
        {
            "id": 7,
            "title": "Bryan",
            "img": "watch-07.jpg",
            "date": "2019-02-52 24:23:52",
            "isSelected": false
        },
        {
            "id": 8,
            "title": "Simmons",
            "img": "watch-08.jpg",
            "date": "2019-02-52 24:23:52",
            "isSelected": false
        },
        {
            "id": 9,
            "title": "Bass",
            "img": "watch-09.jpg",
            "date": "2019-02-52 24:23:52",
            "isSelected": false
        },
        {
            "id": 10,
            "title": "Allison",
            "img": "watch-10.jpg",
            "date": "2019-02-52 24:23:52",
            "isSelected": false
        },
        {
            "id": 11,
            "title": "Potter",
            "img": "watch-11.jpg",
            "date": "2019-02-52 24:23:52",
            "isSelected": false
        },
        {
            "id": 12,
            "title": "Giles",
            "img": "watch-12.jpg",
            "date": "2019-02-52 24:23:52",
            "isSelected": false
        },
        {
            "id": 13,
            "title": "Townsend",
            "img": "watch-13.jpg",
            "date": "2019-02-52 24:23:52",
            "isSelected": false
        },
        {
            "id": 14,
            "title": "Vaughn",
            "img": "watch-14.jpg",
            "date": "2019-02-52 24:23:52",
            "isSelected": false
        },
        {
            "id": 15,
            "title": "Trevino",
            "img": "watch-15.jpg",
            "date": "2019-02-52 24:23:52",
            "isSelected": false
        },
        {
            "id": 16,
            "title": "Williamson",
            "img": "watch-16.jpg",
            "date": "2019-02-52 24:23:52",
            "isSelected": false
        },
        {
            "id": 17,
            "title": "Cooley",
            "img": "watch-17.jpg",
            "date": "2019-02-52 24:23:52",
            "isSelected": false
        },
        {
            "id": 18,
            "title": "Ashley",
            "img": "watch-18.jpg",
            "date": "2019-02-52 24:23:52",
            "isSelected": false
        },
        {
            "id": 19,
            "title": "Travis",
            "img": "watch-19.jpg",
            "date": "2019-02-52 24:23:52",
            "isSelected": false
        },
        {
            "id": 20,
            "title": "Conrad",
            "img": "watch-20.jpg",
            "date": "2019-02-52 24:23:52",
            "isSelected": false
        }

    ]
}